id;start_date;end_date;language
1;2025-03-05T01:48:51;2025-03-04T18:13:02;SPANISH
2;2025-03-04T19:04:12;2025-03-04T11:21:41;FRENCH
3;2025-03-04T23:33:28;2025-03-04T15:49:27;FRENCH
4;2025-03-05T01:52:27;2025-03-04T12:09:02;SPANISH
5;2025-03-05T09:27:31;2025-03-04T12:23:12;ENGLISH
6;2025-03-05T02:29:49;2025-03-04T22:23:33;SPANISH
7;2025-03-04T13:07:08;2025-03-04T14:46:13;SPANISH
8;2025-03-04T22:21:57;2025-03-04T22:01:12;SPANISH
9;2025-03-04T11:32:17;2025-03-04T14:55:18;ENGLISH
10;2025-03-05T03:26:57;2025-03-05T01:07:03;ENGLISH
